ID;age;Weducation;Heducation;children;religion;working;occupation;solindex;exposure;method
1;24;2;3;3;1;1;2;3;0;1
2;45;1;3;10;1;1;3;4;0;1
3;43;2;3;7;1;1;3;4;0;1
4;42;3;2;9;1;1;3;3;0;1
5;36;3;3;8;1;1;3;2;0;1
6;19;4;4;0;1;1;3;3;0;1
7;38;2;3;6;1;1;3;2;0;1
8;21;3;3;1;1;0;3;2;0;1
9;27;2;3;3;1;1;3;4;0;1
10;45;1;1;8;1;1;2;2;1;1
11;38;1;3;2;1;0;3;3;1;1
12;42;1;4;4;1;1;1;3;0;1
13;44;4;4;1;1;0;1;4;0;1
14;42;2;4;1;1;0;3;3;0;1
15;38;3;4;2;1;1;2;3;0;1
16;26;2;4;0;1;1;4;1;0;1
17;48;1;1;7;1;1;2;4;0;1
18;39;2;2;6;1;1;2;4;0;1
19;37;2;2;8;1;1;2;3;0;1
20;39;2;1;5;1;1;2;1;1;1
21;26;3;4;1;1;0;4;1;0;1
22;24;3;4;0;1;0;3;1;0;1
23;46;4;4;1;0;1;1;4;0;1
24;39;4;4;1;1;1;1;4;0;1
25;48;4;4;5;1;1;1;4;0;1
26;40;2;4;8;1;1;3;3;0;1
27;38;4;4;1;1;0;1;4;0;1
28;29;4;4;0;1;0;1;4;0;1
29;24;4;4;0;1;0;2;2;0;1
30;43;1;2;8;1;1;2;4;0;1
31;31;3;4;2;1;1;1;4;0;1
32;31;4;4;2;1;1;3;2;0;1
33;26;2;4;0;1;0;1;2;0;1
34;33;2;2;2;1;1;3;1;0;1
35;24;2;3;1;1;1;3;3;0;1
36;42;1;3;9;1;1;3;2;1;1
37;43;1;2;8;1;0;3;1;0;1
38;25;3;3;4;1;1;3;2;0;1
39;42;2;2;3;1;1;3;4;0;1
40;28;2;2;1;1;1;2;4;0;1
41;28;1;1;3;1;1;3;1;0;1
42;47;2;3;0;1;0;1;3;0;1
43;48;2;4;2;1;1;1;3;0;1
44;40;4;4;2;0;1;1;4;0;1
45;28;2;2;1;1;1;3;2;0;1
46;25;1;4;1;1;1;2;1;0;1
47;32;4;4;2;1;1;2;3;0;1
48;45;4;4;0;1;1;2;4;0;1
49;26;4;4;1;1;1;1;4;0;1
50;26;4;4;0;1;0;1;4;0;1
51;31;4;4;0;1;0;1;4;0;1
52;49;4;4;7;0;1;2;4;0;1
53;40;3;4;8;1;1;3;3;0;1
54;34;4;4;1;0;0;2;3;0;1
55;36;2;4;5;1;1;2;3;0;1
56;20;2;2;2;1;1;2;2;1;1
57;43;4;4;5;1;0;1;4;0;1
58;37;3;4;7;1;1;2;1;0;1
59;21;2;3;0;1;1;3;4;0;1
60;49;4;4;6;1;1;1;2;0;1
61;42;3;3;10;1;1;3;3;0;1
62;20;2;3;1;1;1;2;3;0;1
63;47;1;2;2;1;0;1;3;0;1
64;22;2;3;1;1;1;2;1;0;1
65;27;2;4;1;1;0;1;3;0;1
66;24;2;4;1;1;1;3;1;0;1
67;44;4;2;8;1;1;3;3;0;1
68;30;2;3;3;1;1;3;1;0;1
69;23;3;4;2;1;1;3;4;0;1
70;25;4;4;1;1;0;3;3;0;1
71;47;2;3;4;1;1;2;3;0;1
72;48;2;3;8;1;1;1;4;0;1
73;29;2;3;1;1;1;1;1;0;1
74;29;2;3;1;1;1;1;2;0;1
75;21;3;4;0;1;1;2;3;0;1
76;21;3;4;1;1;1;2;3;0;1
77;29;4;4;0;1;0;2;4;0;1
78;45;3;4;3;1;1;1;4;0;1
79;33;2;3;2;1;1;3;2;0;1
80;38;4;4;1;1;0;1;4;0;1
81;24;4;4;0;0;1;1;4;0;1
82;49;4;4;6;0;0;1;4;0;1
83;24;2;4;1;1;0;4;4;0;1
84;28;4;4;0;0;0;1;4;0;1
85;30;4;4;2;1;1;1;4;0;1
86;33;4;4;2;1;1;1;4;0;1
87;25;4;4;1;1;1;1;3;0;1
88;35;4;4;3;0;1;1;4;0;1
89;27;2;4;4;1;1;1;4;0;1
90;24;2;2;3;1;0;2;1;0;1
91;25;2;3;0;1;1;2;1;0;1
92;46;2;4;6;1;1;1;4;0;1
93;26;2;2;3;1;1;2;1;0;1
94;38;2;2;1;1;0;3;2;0;1
95;47;1;2;3;1;1;1;3;0;1
96;41;1;3;10;1;1;2;3;1;1
97;41;2;3;1;1;0;2;3;0;1
98;28;4;4;5;1;1;2;1;0;1
99;17;2;2;3;1;1;3;1;0;1
100;27;2;3;5;1;1;2;1;0;1
101;27;1;2;4;1;1;3;1;1;1
102;19;2;3;0;1;0;2;2;0;1
103;27;2;4;3;1;0;3;2;0;1
104;26;4;3;4;1;1;2;3;0;1
105;23;2;4;2;1;1;3;3;0;1
106;40;3;3;3;1;1;3;2;0;1
107;22;4;4;0;1;1;1;1;0;1
108;44;3;4;4;1;0;1;3;0;1
109;29;2;3;2;1;1;3;1;0;1
110;26;2;3;3;1;1;3;1;0;1
111;45;4;4;1;1;0;3;3;0;1
112;32;3;3;7;1;0;2;3;0;1
113;21;4;4;1;1;1;1;4;0;1
114;31;2;2;4;1;1;3;3;0;1
115;21;3;4;0;1;1;1;3;0;1
116;37;4;4;1;1;1;1;4;0;1
117;34;4;4;3;0;0;3;3;0;1
118;44;3;4;1;1;1;1;3;0;1
119;49;4;3;5;1;1;2;3;0;1
120;26;2;3;2;1;1;3;3;0;1
121;38;1;2;1;1;1;2;4;1;1
122;36;2;3;5;1;1;2;3;0;1
123;26;3;4;2;1;1;3;3;0;1
124;20;2;3;1;0;1;3;2;0;1
125;44;2;1;3;1;0;3;2;0;1
126;31;3;4;2;1;1;1;2;1;1
127;45;4;4;1;1;1;1;3;0;1
128;36;2;3;2;1;1;3;2;1;1
129;43;1;3;2;1;0;2;2;1;1
130;25;3;4;0;1;1;1;3;0;1
131;48;3;4;3;1;1;3;1;0;1
132;30;4;4;0;0;0;1;3;0;1
133;48;1;2;8;1;1;3;1;0;1
134;28;3;4;1;1;1;3;1;1;1
135;26;4;4;1;1;1;1;3;0;1
136;26;3;3;3;1;0;2;4;0;1
137;24;4;4;2;1;1;3;3;0;1
138;21;3;3;2;1;1;2;2;0;1
139;30;4;4;2;0;1;3;1;0;1
140;20;4;4;1;1;1;1;4;0;1
141;33;4;4;2;1;1;1;3;0;1
142;30;4;4;0;0;0;3;3;0;1
143;47;4;4;1;1;0;1;3;0;1
144;35;4;4;2;0;1;3;3;0;1
145;30;2;4;2;1;1;3;4;0;1
146;33;4;4;3;1;1;1;4;0;1
147;45;4;4;4;1;1;2;3;0;1
148;41;4;4;2;1;1;1;4;0;1
149;32;4;4;1;1;0;1;3;0;1
150;43;4;4;5;1;1;1;4;0;1
151;44;4;4;3;1;1;2;4;0;1
152;21;1;3;4;1;1;3;2;0;1
153;44;3;4;2;1;1;1;4;1;1
154;23;4;4;2;1;1;2;4;0;1
155;47;1;2;4;1;1;2;2;0;1
156;47;1;1;7;1;1;2;3;1;1
157;35;4;4;2;1;0;2;4;0;1
158;32;2;4;4;1;1;3;2;0;1
159;45;1;4;5;1;1;1;2;1;1
160;22;2;2;2;1;1;3;1;0;1
161;23;1;1;3;1;1;2;1;1;1
162;30;4;4;0;1;0;1;4;0;1
163;44;1;3;0;1;1;2;3;0;1
164;40;3;3;1;1;0;3;3;0;1
165;34;4;4;4;1;1;2;3;0;1
166;37;3;4;1;1;1;2;4;0;1
167;49;3;4;5;1;1;1;4;0;1
168;26;4;4;1;1;1;1;4;0;1
169;22;4;4;0;1;1;2;4;0;1
170;20;3;4;0;1;0;2;4;0;1
171;47;4;4;4;1;1;1;4;0;1
172;49;2;2;8;1;0;3;1;0;1
173;22;2;4;1;1;1;2;4;0;1
174;22;3;3;2;1;1;3;4;0;1
175;25;3;2;2;1;1;3;2;0;1
176;32;2;4;0;1;0;3;4;0;1
177;28;4;4;0;0;1;1;3;0;1
178;30;2;4;4;1;0;1;4;0;1
179;45;2;4;2;1;0;2;4;0;1
180;49;2;1;10;1;0;2;4;0;1
181;34;4;4;2;1;0;1;4;0;1
182;25;2;4;1;1;1;2;2;0;1
183;42;1;3;12;1;1;3;3;0;1
184;48;2;1;3;1;0;4;3;0;1
185;35;3;4;5;1;0;2;2;0;1
186;33;2;3;1;1;1;3;4;0;1
187;20;2;4;0;1;1;3;2;0;1
188;36;2;3;4;1;1;3;1;1;1
189;19;3;3;2;1;1;3;2;0;1
190;27;3;2;3;1;1;3;2;0;1
191;30;1;2;4;1;1;4;1;0;1
192;31;3;4;3;1;0;3;2;0;1
193;44;1;1;11;1;1;4;1;1;1
194;24;3;3;2;1;1;3;3;0;1
195;18;3;4;0;1;0;3;1;0;1
196;45;1;2;6;1;1;3;3;1;1
197;25;2;2;3;1;0;3;1;0;1
198;36;3;4;6;1;1;2;4;0;1
199;30;1;1;5;1;1;2;2;0;1
200;32;2;4;2;1;1;3;3;0;1
201;42;1;4;11;0;1;2;2;1;1
202;22;2;4;0;1;1;3;3;0;1
203;36;2;4;2;1;0;2;4;0;1
204;27;2;3;2;1;1;3;3;0;1
205;40;3;4;1;1;1;1;2;0;1
206;22;2;3;2;1;1;3;1;0;1
207;26;2;4;0;1;1;3;1;0;1
208;31;3;4;0;1;0;2;3;0;1
209;32;4;4;1;1;1;1;4;0;1
210;34;2;3;3;1;0;3;2;0;1
211;40;3;3;1;0;1;3;4;0;1
212;45;1;2;1;1;0;3;3;0;1
213;26;3;4;3;1;1;3;2;0;1
214;48;1;3;5;1;1;3;2;0;1
215;43;1;3;8;1;1;3;1;0;1
216;27;3;4;2;1;0;2;2;0;1
217;42;3;2;1;1;1;3;3;0;1
218;34;3;2;8;1;0;2;3;1;1
219;32;3;2;4;1;1;2;2;1;1
220;31;3;3;2;1;0;2;3;0;1
221;22;2;3;1;1;1;3;3;0;1
222;27;3;4;0;1;1;3;3;0;1
223;37;1;2;2;1;1;2;2;1;1
224;22;1;2;0;1;1;2;4;0;1
225;47;4;4;4;1;1;1;4;0;1
226;32;4;4;4;1;0;1;3;0;1
227;37;3;3;2;1;1;1;4;0;1
228;45;1;3;1;1;1;2;3;1;1
229;47;1;4;8;1;1;3;3;0;1
230;28;3;4;0;1;1;3;2;0;1
231;48;1;3;4;1;1;3;4;1;1
232;26;2;4;1;1;1;1;3;0;1
233;21;3;4;0;1;0;3;1;0;1
234;20;2;3;1;1;1;2;4;0;1
235;39;1;1;5;1;0;3;1;1;1
236;27;2;3;1;1;0;3;4;0;1
237;37;2;3;5;1;0;3;2;0;1
238;24;4;4;1;1;1;3;3;0;1
239;39;3;3;6;1;1;3;3;0;1
240;20;3;3;1;1;1;2;3;0;1
241;19;3;4;1;1;1;2;3;0;1
242;40;3;3;4;1;1;2;2;0;1
243;41;1;4;4;1;1;3;3;0;1
244;22;4;4;2;1;1;1;3;0;1
245;32;3;4;4;1;1;1;4;0;1
246;34;4;4;2;0;1;1;4;0;1
247;34;4;4;2;1;0;1;3;0;1
248;23;4;4;2;1;1;1;4;0;1
249;27;4;4;1;1;1;1;2;0;1
250;46;3;2;11;1;0;2;2;1;1
251;34;4;4;3;0;1;1;2;0;1
252;33;4;4;5;1;1;3;3;0;1
253;25;3;3;1;1;1;3;2;0;1
254;26;4;4;1;1;0;1;4;0;1
255;48;1;3;4;1;1;3;3;1;1
256;36;4;4;2;1;1;3;3;0;1
257;38;3;4;2;0;1;2;4;0;1
258;44;1;2;7;1;1;3;4;0;1
259;44;2;2;1;1;0;3;2;0;1
260;39;3;3;1;0;1;3;4;0;1
261;47;1;2;7;1;0;3;2;0;1
262;43;1;3;5;1;0;3;2;0;1
263;29;3;3;3;1;0;2;4;0;1
264;22;3;3;0;1;1;2;2;0;1
265;31;2;4;5;1;1;3;2;0;1
266;22;4;4;0;1;1;1;3;0;1
267;45;3;4;6;1;1;2;4;0;1
268;42;3;4;10;1;0;3;2;0;1
269;38;3;3;7;1;1;3;1;0;1
270;47;1;1;6;1;0;3;1;0;1
271;30;4;4;2;1;1;1;4;0;1
272;28;3;4;1;1;1;3;4;0;1
273;25;3;4;1;1;1;2;1;0;1
274;49;2;4;6;0;1;2;3;0;1
275;23;3;4;2;1;0;2;3;0;1
276;35;3;4;1;0;1;2;3;0;1
277;47;2;1;5;0;1;2;4;0;1
278;35;2;3;0;1;1;2;4;0;1
279;44;3;4;6;1;1;3;4;0;1
280;48;4;4;3;1;1;2;4;0;1
281;43;2;3;6;1;0;3;3;0;1
282;21;2;4;2;1;1;3;1;0;1
283;22;4;4;0;1;1;1;4;0;1
284;41;3;3;5;1;1;3;4;0;1
285;29;2;4;2;1;0;4;4;1;1
286;44;4;4;5;0;1;2;4;0;1
287;22;4;4;0;1;0;1;4;0;1
288;23;2;4;4;1;1;3;3;0;1
289;22;2;1;0;1;1;3;2;0;1
290;35;1;3;0;1;1;2;2;1;1
291;24;4;4;1;1;1;2;2;0;1
292;36;4;4;4;1;1;1;4;0;1
293;47;1;2;2;1;1;2;4;0;1
294;40;4;4;3;1;1;3;4;0;1
295;29;4;4;1;1;1;1;3;0;1
296;49;3;4;6;1;1;1;4;0;1
297;49;3;4;9;1;1;1;4;0;1
298;47;4;4;2;1;1;1;4;0;1
299;28;4;4;3;0;1;1;4;0;1
300;26;4;4;1;1;1;1;4;0;1
301;29;1;2;7;1;1;2;4;0;1
302;29;4;2;0;1;0;2;2;0;1
303;25;3;3;1;1;1;3;4;0;1
304;24;2;4;2;1;1;3;4;0;1
305;23;4;4;1;1;0;2;4;0;1
306;23;4;4;2;1;0;3;3;0;1
307;44;1;2;2;1;1;2;4;0;1
308;39;3;4;6;1;1;1;4;0;1
309;21;3;3;0;1;1;2;2;0;1
310;22;3;4;2;1;1;2;3;0;1
311;47;3;4;3;1;1;2;3;0;1
312;36;3;3;2;1;0;2;4;0;1
313;25;1;4;2;1;0;3;3;1;1
314;40;4;4;2;1;1;3;4;0;1
315;36;2;2;0;0;0;3;3;0;1
316;37;2;3;5;0;0;2;4;0;1
317;28;1;4;2;1;0;2;3;0;1
318;30;3;3;5;1;0;3;4;0;1
319;16;3;4;1;1;1;3;3;0;1
320;32;2;3;4;0;1;2;4;0;1
321;40;4;4;3;0;1;3;4;0;1
322;40;1;1;2;1;0;3;4;0;1
323;45;3;4;2;0;1;1;4;0;1
324;21;1;3;0;1;0;3;4;1;1
325;28;4;4;1;0;1;1;3;0;1
326;25;4;4;1;0;1;2;3;0;1
327;44;1;3;4;1;1;3;3;1;1
328;35;4;4;2;0;1;3;4;0;1
329;49;4;4;4;1;1;3;4;0;1
330;39;3;4;1;0;1;3;4;0;1
331;32;3;4;1;0;1;2;4;0;1
332;35;1;2;0;1;0;4;4;0;1
333;21;1;2;1;1;0;3;4;0;1
334;47;4;4;1;0;1;1;4;0;1
335;27;4;4;1;0;1;3;4;0;1
336;31;2;2;8;1;1;2;2;1;1
337;34;4;3;0;0;0;3;3;0;1
338;30;4;4;3;1;0;2;4;0;1
339;25;4;4;0;1;0;2;4;0;1
340;28;3;4;3;1;1;2;1;0;1
341;30;2;3;4;1;0;3;2;0;1
342;42;3;3;8;1;1;4;3;0;1
343;23;4;4;0;0;1;2;4;0;1
344;45;3;4;3;0;1;3;4;0;1
345;21;4;4;1;1;1;3;3;0;1
346;28;4;4;1;0;1;2;4;0;1
347;33;4;4;1;0;0;3;4;0;1
348;32;1;2;4;1;1;3;2;1;1
349;25;2;2;3;1;1;3;3;0;1
350;25;3;3;1;1;1;3;1;0;1
351;19;2;2;2;1;1;3;1;0;1
352;40;1;2;6;1;1;3;1;1;1
353;24;2;2;2;1;1;3;1;1;1
354;32;2;2;1;1;1;2;1;0;1
355;35;2;3;8;1;1;3;2;0;1
356;27;2;2;1;1;0;3;2;1;1
357;23;2;4;2;1;1;1;4;0;1
358;22;2;4;4;1;1;3;4;0;1
359;49;2;3;0;1;1;1;2;0;1
360;25;2;3;0;1;1;2;4;0;1
361;18;3;4;1;1;1;3;1;0;1
362;43;3;3;4;1;1;2;4;0;1
363;37;1;3;0;1;1;3;4;0;1
364;30;2;3;2;1;0;2;4;0;1
365;29;3;2;0;1;1;2;2;0;1
366;20;2;3;3;1;1;3;4;0;1
367;42;3;3;3;1;0;2;4;0;1
368;23;4;4;1;1;1;2;3;0;1
369;34;2;3;7;1;0;3;3;0;1
370;23;3;3;6;1;1;3;3;0;1
371;38;3;3;5;1;1;1;4;0;1
372;37;2;3;4;1;1;2;3;0;1
373;17;2;3;1;1;1;3;2;0;1
374;39;3;4;3;1;1;1;4;0;1
375;49;1;3;0;1;1;3;3;1;1
376;23;3;3;2;1;1;2;2;0;1
377;40;3;3;3;1;1;2;2;1;1
378;32;2;4;5;1;1;2;3;0;1
379;18;2;3;1;1;1;2;3;0;1
380;46;1;2;8;1;1;3;3;1;1
381;37;3;3;6;1;1;2;2;0;1
382;38;2;4;5;0;1;2;2;0;1
383;37;2;3;2;0;0;3;3;0;1
384;25;2;3;1;1;0;2;1;0;1
385;38;2;4;5;1;1;3;3;0;1
386;39;4;4;2;1;0;1;4;0;1
387;44;4;4;3;1;0;1;4;1;1
388;19;4;4;0;0;1;3;4;0;1
389;28;2;4;1;1;0;3;4;0;1
390;20;2;3;1;1;1;3;4;0;1
391;33;4;4;0;1;0;3;3;0;1
392;33;4;4;5;1;1;3;4;0;1
393;47;1;4;6;1;1;1;4;0;1
394;25;3;3;0;1;1;3;4;0;1
395;29;4;4;0;1;0;2;4;0;1
396;37;4;4;2;0;1;1;4;0;1
397;49;1;3;6;1;1;2;4;0;1
398;48;1;1;8;1;0;2;2;1;1
399;19;2;2;0;1;1;2;2;0;1
400;46;1;2;3;1;1;2;1;1;1
401;39;1;2;2;1;1;3;1;1;1
402;30;3;4;5;1;1;1;4;0;1
403;40;2;2;8;1;1;2;2;0;1
404;43;1;2;1;1;1;3;4;1;1
405;29;3;4;4;1;0;1;3;0;1
406;23;3;3;2;1;1;3;3;0;1
407;24;2;2;3;1;1;2;4;0;1
408;47;3;3;2;1;1;2;4;0;1
409;35;3;3;2;1;0;2;2;0;1
410;19;3;3;1;1;1;2;4;0;1
411;45;2;3;4;1;0;2;4;0;1
412;42;2;4;2;1;1;3;4;0;1
413;47;1;1;1;1;1;3;4;0;1
414;25;2;2;2;1;1;3;1;0;1
415;20;2;3;3;1;1;3;4;0;1
416;33;3;3;6;1;1;3;4;0;2
417;46;4;3;5;1;1;1;4;0;2
418;35;4;4;4;1;1;1;4;0;2
419;26;4;4;2;1;0;1;4;0;2
420;36;3;3;5;1;0;1;3;0;2
421;37;3;4;3;1;1;1;3;0;2
422;44;2;4;4;1;1;3;3;0;2
423;32;4;4;2;1;1;1;4;0;2
424;25;2;4;6;1;1;3;4;0;2
425;42;2;3;7;1;1;3;4;0;2
426;30;4;4;2;0;0;1;4;0;2
427;39;4;4;4;1;1;1;4;0;2
428;26;1;1;2;1;1;3;4;0;2
429;30;2;4;3;1;1;3;4;0;2
430;38;4;4;4;0;0;1;2;0;2
431;23;4;4;1;1;1;1;2;0;2
432;18;3;4;1;1;1;3;4;0;2
433;25;3;4;3;1;1;2;3;0;2
434;37;4;4;2;1;0;3;3;0;2
435;20;3;4;1;1;1;3;2;0;2
436;45;4;4;7;1;1;1;4;0;2
437;28;2;1;2;1;0;3;3;0;2
438;33;2;2;3;1;1;2;3;0;2
439;28;2;3;2;1;1;3;3;0;2
440;30;2;4;1;1;0;3;4;0;2
441;32;4;4;4;1;1;2;4;0;2
442;48;4;3;7;1;0;2;4;0;2
443;46;4;4;2;1;0;1;4;0;2
444;32;4;4;2;0;0;1;4;0;2
445;49;4;4;10;1;1;1;4;0;2
446;33;2;2;6;1;0;3;4;0;2
447;39;4;4;3;1;1;1;4;0;2
448;35;4;4;5;0;0;1;4;0;2
449;36;4;4;3;0;1;1;3;0;2
450;20;3;4;1;1;1;2;4;0;2
451;23;4;4;1;1;1;3;4;0;2
452;26;2;4;2;1;1;1;3;0;2
453;25;3;3;1;1;1;3;1;0;2
454;31;4;4;1;1;1;1;4;0;2
455;36;4;4;2;1;1;2;4;0;2
456;32;3;3;2;1;0;3;4;0;2
457;36;4;4;3;1;1;1;4;0;2
458;40;4;4;3;1;1;1;4;0;2
459;46;4;4;4;1;1;1;4;0;2
460;42;4;4;8;0;1;1;4;0;2
461;39;4;4;4;1;0;1;4;0;2
462;34;4;4;2;1;1;1;4;0;2
463;36;4;4;3;1;1;1;4;0;2
464;37;4;4;3;1;1;1;4;0;2
465;36;4;4;4;0;1;1;4;0;2
466;38;4;4;2;1;1;1;4;0;2
467;27;3;3;1;0;0;2;4;0;2
468;37;4;3;8;1;1;1;4;0;2
469;24;1;4;1;1;0;4;2;1;2
470;42;2;4;8;1;1;1;4;0;2
471;31;4;4;3;0;0;4;4;0;2
472;34;2;3;2;1;1;3;3;0;2
473;34;4;4;4;1;1;3;3;0;2
474;36;4;4;4;0;0;1;4;0;2
475;47;4;4;8;1;1;1;4;0;2
476;34;4;4;3;1;1;1;4;0;2
477;44;4;4;6;0;1;1;3;0;2
478;21;4;4;1;1;1;1;4;0;2
479;42;4;4;6;1;1;1;3;0;2
480;44;4;4;4;1;0;2;3;0;2
481;19;4;4;1;1;1;2;3;0;2
482;35;1;3;7;1;0;2;3;1;2
483;24;4;4;1;1;1;3;2;0;2
484;32;3;4;7;0;1;1;3;0;2
485;31;3;3;2;1;0;3;3;0;2
486;47;3;4;11;1;0;2;3;0;2
487;38;4;4;6;1;0;3;3;0;2
488;40;4;4;4;1;1;1;3;0;2
489;35;3;3;4;1;1;3;2;0;2
490;26;3;4;3;1;1;3;4;0;2
491;23;4;3;3;1;1;3;3;0;2
492;40;4;4;6;0;0;1;4;0;2
493;37;4;4;3;1;1;1;4;0;2
494;39;4;4;5;1;1;2;4;0;2
495;25;4;4;2;1;1;2;4;0;2
496;48;4;4;4;0;1;1;4;0;2
497;31;4;4;3;1;1;1;4;0;2
498;26;4;4;1;0;1;2;4;0;2
499;44;4;4;5;1;0;1;4;0;2
500;29;4;4;1;1;0;2;4;0;2
501;36;2;1;6;1;1;2;1;0;2
502;29;4;4;2;1;0;1;3;0;2
503;37;2;3;7;1;1;3;4;0;2
504;28;3;3;3;1;1;1;2;0;2
505;40;2;3;6;1;1;1;2;0;2
506;33;4;4;4;1;1;1;4;0;2
507;22;4;4;1;1;1;1;2;0;2
508;35;3;4;5;1;0;1;3;1;2
509;32;4;4;3;0;1;3;3;0;2
510;35;4;4;5;1;0;1;3;0;2
511;29;4;4;2;1;1;1;4;0;2
512;23;3;3;2;1;0;3;4;0;2
513;35;4;4;2;1;0;1;4;0;2
514;36;4;4;3;1;0;2;4;0;2
515;32;4;4;2;1;0;1;4;0;2
516;30;4;1;4;1;1;3;3;0;2
517;36;4;4;4;0;1;2;4;0;2
518;33;4;4;3;1;1;3;4;0;2
519;33;3;4;5;0;1;3;3;0;2
520;43;2;4;13;1;1;2;3;0;2
521;35;3;3;6;1;1;2;3;0;2
522;38;4;4;5;1;1;1;3;0;2
523;25;3;1;4;1;1;3;1;0;2
524;26;3;3;2;1;1;3;2;0;2
525;24;4;4;1;1;1;3;4;0;2
526;22;3;4;1;1;1;4;4;0;2
527;33;2;3;5;1;0;2;1;0;2
528;45;3;3;7;1;1;3;4;0;2
529;29;4;4;2;1;0;1;3;0;2
530;47;2;2;7;1;1;2;4;0;2
531;36;3;2;6;1;1;3;2;0;2
532;45;3;3;8;1;1;2;3;0;2
533;47;4;4;6;1;0;1;4;0;2
534;43;3;4;2;1;0;2;4;0;2
535;44;4;4;7;1;1;3;2;0;2
536;24;2;4;2;1;1;3;3;0;2
537;28;4;4;2;1;0;1;3;0;2
538;34;4;4;5;1;1;3;4;0;2
539;31;3;4;4;1;1;1;3;0;2
540;27;4;4;3;1;1;1;4;0;2
541;27;3;3;1;1;0;3;4;0;2
542;26;4;4;1;1;0;1;3;0;2
543;36;3;4;7;1;1;2;2;0;2
544;35;4;4;4;0;1;3;3;0;2
545;38;4;4;6;1;1;3;3;0;2
546;44;4;4;7;1;1;2;4;0;2
547;25;4;4;1;1;1;1;4;0;2
548;25;4;4;2;0;1;1;3;0;2
549;41;4;4;4;1;1;1;4;0;2
550;41;3;4;5;1;1;1;3;0;2
551;24;4;4;1;1;0;1;4;0;2
552;33;4;4;3;1;1;3;3;0;2
553;29;4;4;3;1;0;3;3;0;2
554;47;4;4;4;1;0;1;4;0;2
555;28;4;4;4;1;1;1;3;0;2
556;21;2;2;1;1;1;3;2;0;2
557;32;3;3;6;1;0;3;3;0;2
558;30;3;4;2;1;1;1;4;0;2
559;37;4;4;5;1;1;3;4;0;2
560;29;4;3;4;1;0;3;2;0;2
561;38;4;4;3;1;0;1;4;0;2
562;49;3;3;11;1;1;1;4;0;2
563;41;3;3;5;1;1;1;4;0;2
564;43;3;4;5;1;1;3;2;1;2
565;47;1;1;10;1;1;3;3;0;2
566;22;4;4;1;1;1;1;3;0;2
567;27;4;4;1;0;0;1;4;0;2
568;34;3;4;2;0;1;2;3;0;2
569;42;3;3;4;1;1;2;4;0;2
570;39;4;4;3;0;0;1;4;0;2
571;36;4;4;3;0;1;2;4;0;2
572;21;4;4;1;1;1;2;1;0;2
573;36;3;4;4;0;0;2;4;0;2
574;25;2;3;1;1;0;4;4;0;2
575;41;4;4;4;0;0;2;4;0;2
576;32;4;4;4;0;0;2;4;0;2
577;41;4;4;4;0;0;2;4;0;2
578;43;4;4;3;0;1;1;4;0;2
579;35;4;4;3;1;1;2;3;0;2
580;24;4;4;2;1;0;1;3;0;2
581;43;4;4;6;1;1;1;4;0;2
582;48;4;4;7;0;1;1;4;0;2
583;28;4;4;2;1;1;1;3;0;2
584;24;4;4;1;1;1;1;4;0;2
585;42;4;4;3;1;0;1;4;0;2
586;39;4;4;3;1;1;1;4;0;2
587;24;4;4;1;1;1;1;4;0;2
588;33;4;3;5;1;1;2;4;0;2
589;29;4;4;2;1;1;3;4;0;2
590;44;4;4;5;1;1;1;4;0;2
591;17;4;4;1;1;1;2;4;0;2
592;35;3;4;3;1;1;2;2;0;2
593;32;3;4;5;1;1;1;2;0;2
594;27;4;4;2;1;0;1;3;0;2
595;44;4;4;4;1;1;1;4;0;2
596;42;4;4;5;1;1;1;4;0;2
597;40;4;4;6;1;1;1;3;0;2
598;44;4;4;3;1;1;1;4;0;2
599;33;4;4;5;1;1;2;4;0;2
600;35;2;4;3;0;0;3;4;1;2
601;31;4;2;2;0;1;1;3;0;2
602;37;4;4;3;0;1;3;4;0;2
603;45;4;4;3;0;1;2;4;0;2
604;26;4;4;2;0;1;1;4;0;2
605;40;3;4;2;0;1;3;4;0;2
606;30;4;4;1;0;1;2;4;0;2
607;36;3;4;3;0;0;3;4;0;2
608;33;3;4;3;0;1;2;4;0;2
609;41;4;4;5;0;1;2;4;0;2
610;45;3;3;6;0;1;2;4;0;2
611;48;4;4;6;0;1;2;4;0;2
612;35;4;4;3;0;0;3;4;0;2
613;37;4;4;4;0;0;2;4;0;2
614;46;4;4;3;0;0;1;4;0;2
615;38;4;4;4;0;1;3;4;0;2
616;30;3;4;7;1;1;2;4;0;2
617;42;4;3;7;1;0;1;4;0;2
618;35;2;2;6;1;1;3;4;0;2
619;34;4;4;6;1;1;3;4;0;2
620;37;4;4;4;1;1;1;4;0;2
621;38;4;4;6;1;1;1;4;0;2
622;30;3;3;2;1;1;2;3;0;2
623;46;4;4;4;1;1;1;4;0;2
624;31;4;4;3;0;1;2;4;0;2
625;41;4;4;6;0;1;1;4;0;2
626;41;4;4;7;1;1;2;4;0;2
627;32;4;4;2;0;0;2;4;0;2
628;44;4;4;4;1;1;1;4;0;2
629;39;4;4;4;0;1;1;4;0;2
630;39;4;4;5;1;1;1;4;0;2
631;45;4;4;4;1;1;1;4;0;2
632;33;4;4;3;1;1;1;4;0;2
633;39;4;4;3;0;1;1;4;0;2
634;44;4;4;3;1;0;1;4;0;2
635;34;3;3;6;1;1;3;4;0;2
636;33;3;3;5;1;1;3;4;0;2
637;34;2;2;8;1;1;2;2;0;2
638;27;3;2;5;1;1;2;4;0;2
639;47;1;1;8;1;1;3;4;1;2
640;25;2;4;3;1;1;1;4;1;2
641;24;3;4;5;1;1;1;2;1;2
642;41;4;4;4;1;0;1;4;0;2
643;29;3;3;4;1;1;3;4;0;3
644;27;2;2;5;1;1;3;1;0;3
645;40;3;4;5;1;1;1;2;0;3
646;30;2;2;6;1;1;3;1;0;3
647;24;4;4;1;1;0;1;4;0;3
648;36;4;4;2;1;0;1;4;0;3
649;17;2;2;1;1;1;3;2;0;3
650;28;1;2;4;1;1;2;3;0;3
651;27;2;4;1;1;1;1;4;0;3
652;21;3;3;1;1;1;3;3;0;3
653;30;2;2;4;1;1;2;4;0;3
654;48;4;4;16;1;1;1;4;0;3
655;29;2;4;3;1;0;3;3;0;3
656;29;4;4;2;1;1;3;4;0;3
657;20;3;4;2;1;1;1;3;0;3
658;28;4;4;1;1;1;3;2;0;3
659;32;2;3;5;1;0;2;3;0;3
660;27;3;3;1;1;0;3;3;0;3
661;25;2;3;1;1;1;3;1;0;3
662;43;4;4;3;1;1;1;4;0;3
663;35;4;4;2;1;1;2;4;0;3
664;30;4;4;1;1;1;1;4;0;3
665;29;1;4;3;1;1;4;4;1;3
666;33;3;4;8;1;1;3;4;0;3
667;37;3;4;5;1;0;2;4;0;3
668;27;2;4;3;1;1;4;4;0;3
669;33;2;4;3;1;1;2;4;0;3
670;35;2;3;6;1;0;3;3;0;3
671;20;3;3;2;1;1;2;4;0;3
672;26;2;4;3;1;1;3;4;0;3
673;24;3;3;2;1;1;3;3;0;3
674;45;1;3;3;1;1;3;2;0;3
675;34;3;4;4;1;1;1;3;0;3
676;49;4;3;13;1;1;1;4;0;3
677;33;4;4;5;1;1;1;4;0;3
678;33;3;3;8;1;1;3;4;0;3
679;24;3;4;3;1;1;1;4;0;3
680;30;2;2;4;1;1;2;1;0;3
681;27;2;4;4;1;1;2;1;0;3
682;23;4;3;1;1;1;2;2;0;3
683;35;4;4;4;1;1;1;4;0;3
684;35;4;4;1;0;1;1;4;0;3
685;40;4;4;2;0;0;1;4;0;3
686;29;3;3;1;1;1;3;3;0;3
687;33;3;3;3;1;1;3;3;0;3
688;36;4;4;6;0;1;1;2;1;3
689;36;4;4;4;0;1;1;4;0;3
690;41;4;4;1;1;1;3;3;0;3
691;38;3;4;3;1;1;3;2;0;3
692;29;2;4;3;1;1;3;3;0;3
693;19;4;4;1;1;1;1;3;0;3
694;34;2;3;2;1;1;2;3;0;3
695;26;2;4;3;1;1;3;4;0;3
696;22;4;4;1;1;1;2;3;0;3
697;42;4;4;7;1;1;2;4;0;3
698;27;3;4;2;1;1;3;2;0;3
699;27;4;4;2;1;1;1;4;0;3
700;39;4;3;1;1;0;2;2;0;3
701;21;4;4;1;1;1;3;1;0;3
702;36;2;3;7;1;1;3;3;0;3
703;29;1;2;5;1;0;1;2;0;3
704;29;2;3;4;1;1;2;1;0;3
705;22;3;2;2;1;1;2;1;0;3
706;20;2;3;1;1;1;2;1;0;3
707;33;3;4;4;1;0;2;4;0;3
708;27;3;3;3;1;1;2;3;0;3
709;25;4;4;3;1;1;1;4;0;3
710;25;4;3;2;1;1;3;3;0;3
711;32;2;3;4;1;1;3;2;0;3
712;39;3;4;2;1;1;1;3;0;3
713;31;3;3;3;1;1;2;1;1;3
714;26;4;4;4;1;1;3;4;0;3
715;30;3;3;7;1;1;3;4;0;3
716;43;3;3;5;1;0;3;3;0;3
717;34;2;4;4;1;1;3;3;0;3
718;43;4;4;3;1;1;1;4;0;3
719;32;4;4;3;0;1;1;4;0;3
720;41;4;4;5;1;1;1;4;0;3
721;32;4;4;3;0;1;1;4;0;3
722;46;4;4;4;1;1;1;4;0;3
723;40;3;4;3;1;0;1;4;0;3
724;21;4;4;1;1;1;2;3;0;3
725;32;4;4;3;1;1;1;4;0;3
726;25;4;4;1;0;1;3;3;0;3
727;24;4;4;1;1;1;1;3;0;3
728;21;2;3;1;1;0;3;2;0;3
729;22;4;4;1;1;1;3;3;0;3
730;32;4;4;4;1;1;1;3;0;3
731;30;4;4;2;1;0;2;2;0;3
732;25;1;2;2;1;1;2;1;0;3
733;31;3;3;6;0;1;3;1;0;3
734;19;2;4;1;1;1;2;3;0;3
735;33;2;2;7;1;0;2;3;0;3
736;24;2;2;2;1;1;3;4;0;3
737;19;3;3;3;1;1;2;3;0;3
738;27;2;2;5;1;1;3;3;0;3
739;32;4;4;2;0;0;1;4;0;3
740;32;4;4;2;1;0;1;3;0;3
741;29;1;3;5;1;1;3;3;0;3
742;23;3;4;1;1;1;2;3;0;3
743;34;2;4;7;1;1;2;3;0;3
744;27;2;4;1;1;1;3;3;0;3
745;37;4;4;4;1;1;3;2;0;3
746;26;3;4;4;1;1;2;3;0;3
747;31;2;3;7;1;1;3;3;0;3
748;44;4;4;11;1;1;1;4;0;3
749;35;3;4;4;1;1;1;4;0;3
750;23;4;4;2;1;1;3;4;0;3
751;24;2;4;2;1;1;1;4;0;3
752;24;4;4;2;1;1;1;4;0;3
753;39;4;4;3;1;1;2;4;0;3
754;33;3;4;4;1;1;3;3;0;3
755;24;2;3;2;1;1;2;1;0;3
756;35;4;4;4;1;1;1;4;0;3
757;35;4;4;6;1;1;1;4;0;3
758;34;4;4;2;1;1;3;3;0;3
759;48;3;4;3;1;1;2;3;0;3
760;28;4;4;1;1;1;1;3;0;3
761;26;4;4;1;1;1;3;3;0;3
762;43;3;3;8;1;1;1;3;0;3
763;28;2;2;5;1;0;2;4;0;3
764;22;3;4;3;1;1;2;3;0;3
765;26;3;3;3;1;1;3;3;0;3
766;30;3;4;4;1;1;3;3;0;3
767;38;4;4;5;1;1;2;3;0;3
768;44;4;4;8;1;1;2;4;0;3
769;25;4;4;1;0;1;1;4;0;3
770;34;4;4;3;1;1;1;4;0;3
771;26;4;4;3;1;1;3;4;0;3
772;20;4;4;2;1;1;1;3;0;3
773;39;4;4;2;0;1;1;3;0;3
774;27;3;4;4;1;1;3;3;0;3
775;32;4;4;2;1;0;3;4;0;3
776;48;3;4;8;1;0;1;4;0;3
777;39;4;3;4;1;1;3;4;0;3
778;37;4;4;3;1;0;1;4;0;3
779;33;4;4;2;0;0;1;3;0;3
780;32;4;4;3;1;0;1;4;0;3
781;25;4;4;2;1;1;1;3;0;3
782;37;4;4;3;1;1;2;4;0;3
783;40;4;4;4;1;1;1;4;0;3
784;38;4;4;6;1;1;2;4;0;3
785;36;4;4;4;1;1;1;4;0;3
786;27;3;3;3;1;1;2;2;0;3
787;22;1;3;2;1;1;3;1;0;3
788;22;2;2;2;1;1;2;3;0;3
789;30;3;4;3;1;1;2;3;0;3
790;20;2;2;2;1;1;3;2;1;3
791;34;4;4;2;1;1;1;4;0;3
792;31;3;4;5;1;1;3;1;0;3
793;30;3;3;3;1;0;3;2;0;3
794;44;3;4;5;1;0;1;4;0;3
795;24;3;3;3;1;0;2;1;0;3
796;19;4;4;2;1;1;1;4;0;3
797;28;4;4;5;1;1;2;4;0;3
798;27;4;4;1;0;0;1;3;0;3
799;29;3;3;3;1;1;2;1;0;3
800;37;4;4;3;1;1;2;4;0;3
801;32;2;2;8;1;1;2;1;0;3
802;21;2;2;1;1;1;4;3;0;3
803;33;2;3;7;1;0;3;1;0;3
804;23;2;3;2;1;1;3;1;0;3
805;36;2;2;5;1;1;3;4;0;3
806;33;2;4;3;1;1;3;4;0;3
807;35;4;4;2;1;0;1;4;0;3
808;25;2;3;4;1;1;3;3;0;3
809;29;2;4;4;1;0;2;4;0;3
810;23;3;3;1;1;1;2;2;0;3
811;19;3;3;1;1;1;2;1;0;3
812;35;1;2;6;1;1;2;2;1;3
813;25;3;3;3;1;1;3;2;0;3
814;40;3;4;6;1;1;1;3;0;3
815;17;3;4;1;1;1;2;1;0;3
816;25;2;4;3;1;1;3;3;0;3
817;24;3;3;1;1;1;3;2;0;3
818;23;4;4;1;1;1;3;3;0;3
819;25;2;4;3;1;1;3;2;0;3
820;30;1;3;4;1;1;3;4;0;3
821;31;1;1;3;1;1;4;2;1;3
822;26;3;4;2;1;1;3;3;0;3
823;28;3;4;2;1;1;2;3;0;3
824;30;3;3;3;1;1;3;1;0;3
825;29;3;4;5;1;1;1;2;0;3
826;24;1;3;4;1;1;3;3;0;3
827;26;3;4;2;1;1;1;3;0;3
828;25;3;3;3;1;1;3;3;0;3
829;35;4;4;3;1;1;1;4;0;3
830;22;4;4;1;1;0;2;4;0;3
831;19;4;4;1;1;1;2;4;0;3
832;29;2;3;5;1;1;2;4;0;3
833;21;3;4;2;1;1;3;3;0;3
834;21;3;3;1;1;1;3;3;0;3
835;41;1;4;9;1;1;2;1;0;3
836;37;2;4;3;1;1;2;3;0;3
837;27;4;4;3;1;1;3;4;1;3
838;26;2;3;2;1;1;2;3;0;3
839;37;4;4;6;1;0;3;4;0;3
840;25;3;3;3;1;1;2;1;0;3
841;32;4;3;3;1;1;2;4;0;3
842;34;1;4;4;1;1;3;4;1;3
843;23;4;4;2;1;0;2;4;0;3
844;28;3;4;2;1;1;3;4;0;3
845;24;3;4;1;1;1;3;4;0;3
846;32;2;3;4;1;0;2;2;0;3
847;22;1;2;3;1;1;3;1;1;3
848;25;3;3;1;1;1;2;1;0;3
849;25;2;3;2;1;1;2;4;0;3
850;38;2;3;3;1;1;2;4;0;3
851;33;2;2;2;1;1;3;4;0;3
852;41;4;4;8;1;1;1;4;0;3
853;29;3;3;4;1;1;3;4;0;3
854;22;3;4;1;1;0;1;4;0;3
855;29;3;3;6;1;1;3;3;0;3
856;26;3;4;3;1;1;3;3;0;3
857;28;2;3;3;1;1;3;4;0;3
858;27;4;4;1;0;1;3;4;0;3
859;29;2;4;2;1;1;3;2;0;3
860;24;3;4;2;1;1;3;3;0;3
861;29;3;4;3;1;1;3;2;0;3
862;38;3;4;7;1;1;3;2;0;3
863;23;3;2;2;1;0;3;2;0;3
864;20;4;3;1;1;1;3;4;0;3
865;32;1;4;4;1;1;3;2;0;3
866;25;2;3;2;1;1;3;1;0;3
867;26;1;2;3;1;0;3;2;0;3
868;23;1;2;3;1;1;3;2;1;3
869;23;4;4;3;1;1;3;3;0;3
870;28;3;4;5;1;1;2;4;0;3
871;22;4;4;3;1;1;3;2;0;3
872;28;2;4;4;1;1;3;4;0;3
873;26;3;3;3;1;1;3;3;0;3
874;26;2;3;2;1;1;3;3;0;3
875;24;4;3;3;1;1;3;3;0;3
876;29;4;4;3;1;0;1;4;0;3
877;29;3;4;4;1;0;1;3;0;3
878;42;4;4;5;1;1;1;4;0;3
879;27;4;4;2;1;1;3;4;0;3
880;35;3;4;5;1;1;1;4;0;3
881;21;3;4;1;1;1;3;2;0;3
882;21;1;3;1;1;1;3;3;1;3
883;22;3;4;1;1;1;3;3;0;3
884;28;3;3;4;1;1;3;3;0;3
885;22;3;4;1;0;0;1;4;0;3
886;23;3;2;1;1;1;3;3;0;3
887;28;3;3;2;0;1;2;3;0;3
888;30;4;4;3;0;0;2;4;0;3
889;25;3;4;3;1;0;3;4;0;3
890;33;4;4;4;1;1;2;3;0;3
891;33;3;4;6;1;1;3;2;0;3
892;30;4;4;2;0;0;3;3;0;3
893;22;2;4;1;1;1;3;3;0;3
894;38;3;3;2;0;1;3;4;0;3
895;35;4;3;2;0;1;3;4;0;3
896;34;2;2;4;0;1;3;2;0;3
897;39;4;4;2;0;1;3;4;0;3
898;47;4;3;4;1;1;1;3;0;3
899;38;4;4;2;1;0;1;4;0;3
900;43;4;4;5;1;1;1;4;0;3
901;21;3;3;1;1;1;2;2;0;3
902;30;3;4;2;1;1;1;2;0;3
903;27;3;4;2;1;1;1;3;0;3
904;22;4;4;1;0;1;3;1;0;3
905;25;1;2;3;1;1;2;3;0;3
906;22;1;3;2;1;1;3;2;0;3
907;28;4;4;4;1;1;2;3;0;3
908;25;3;3;2;1;1;2;3;0;3
909;26;4;4;2;1;0;3;3;0;3
910;31;3;3;3;1;1;3;1;1;3
911;32;1;3;4;1;1;3;3;0;3
912;35;2;4;6;1;1;3;4;0;3
913;24;2;3;5;1;1;3;3;0;3
914;28;4;4;2;1;1;1;4;0;3
915;36;4;4;3;0;0;2;4;0;3
916;47;4;4;5;1;1;1;3;0;3
917;26;4;4;2;1;0;1;4;0;3
918;22;3;4;2;0;1;3;4;0;3
919;30;4;4;2;1;1;4;3;0;3
920;41;4;4;5;1;1;1;4;0;3
921;19;4;4;1;1;1;3;2;0;3
922;45;3;4;2;0;1;3;3;0;3
923;35;1;2;5;1;1;2;2;1;3
924;21;2;2;1;1;1;3;2;0;3
925;32;1;2;6;0;1;2;3;0;3
926;32;3;4;5;0;1;3;4;0;3
927;46;2;3;6;0;0;3;4;0;3
928;41;1;2;6;1;1;3;3;0;3
929;36;4;4;3;0;1;3;4;0;3
930;37;3;4;3;0;1;3;4;0;3
931;37;3;4;4;0;1;2;4;0;3
932;35;4;4;3;0;1;3;4;0;3
933;29;2;3;4;1;1;3;2;0;3
934;28;4;4;2;0;1;2;4;0;3
935;46;4;4;4;0;1;1;4;0;3
936;34;4;3;3;0;1;2;4;0;3
937;43;3;3;2;0;0;3;4;0;3
938;28;4;4;3;0;0;3;4;0;3
939;28;3;3;3;1;0;2;4;0;3
940;34;4;4;6;1;1;2;2;0;3
941;27;2;4;4;1;1;3;4;0;3
942;36;1;3;6;1;1;3;2;0;3
943;17;2;2;0;1;0;3;2;0;3
944;21;3;3;1;1;1;3;2;0;3
945;25;2;2;1;1;1;3;1;0;3
946;23;2;3;2;1;0;3;2;0;3
947;25;2;2;1;1;1;3;3;0;3
948;35;1;2;4;1;0;4;4;0;3
949;32;3;4;4;1;1;3;2;0;3
950;37;2;3;5;1;1;4;2;0;3
951;31;3;4;4;1;0;3;3;0;3
952;25;3;4;3;1;1;3;4;0;3
953;26;3;4;4;1;1;2;4;0;3
954;39;1;2;2;1;0;2;4;0;3
955;21;3;3;2;1;1;2;3;0;3
956;35;3;2;9;1;0;3;4;0;3
957;20;2;2;1;1;1;3;2;0;3
958;40;2;3;5;1;1;3;3;0;3
959;41;3;3;7;0;1;2;4;0;3
960;36;2;4;8;1;1;1;4;0;3
961;40;2;4;3;0;1;3;4;0;3
962;32;4;4;3;1;0;1;4;0;3
963;24;3;4;4;1;1;2;3;0;3
964;20;3;4;1;0;1;2;4;0;3
965;32;4;4;4;1;0;1;4;0;3
966;22;2;2;3;1;0;3;3;0;3
967;30;3;3;4;1;0;2;2;0;3
968;31;4;4;3;1;0;1;4;0;3
969;35;3;4;5;1;1;1;4;0;3
970;38;4;4;2;1;1;3;4;0;3
971;31;4;4;1;1;1;1;4;0;3
972;25;4;4;2;1;1;2;4;0;3
973;30;4;4;2;1;1;1;4;0;3
974;22;1;2;2;1;1;3;4;0;3
975;31;4;4;3;1;1;1;4;0;3
976;29;4;4;3;1;1;3;4;0;3
977;29;2;3;3;1;0;3;2;0;3
978;38;4;4;3;0;0;3;3;1;3
979;22;3;4;2;1;1;2;4;0;3
980;45;4;4;3;1;1;1;4;0;3
981;26;3;4;3;1;1;3;2;0;3
982;37;4;4;3;0;1;3;4;0;3
983;36;4;4;3;0;1;2;4;0;3
984;33;4;4;2;1;1;2;4;0;3
985;32;4;4;3;1;0;1;4;0;3
986;35;4;4;4;0;0;1;4;0;3
987;25;4;4;1;1;1;1;4;0;3
988;31;4;4;3;1;1;4;4;0;3
989;25;2;3;5;1;1;2;3;0;3
990;26;3;2;5;1;1;2;2;0;3
991;23;2;3;3;1;1;2;3;0;3
992;28;3;4;3;1;1;1;4;0;3
993;34;3;4;3;0;0;3;4;0;3
994;46;3;4;9;1;1;3;4;0;3
995;25;4;4;1;1;1;1;4;0;3
996;21;2;1;3;1;0;3;1;1;3
997;25;2;3;4;1;0;3;2;0;3
998;28;2;3;6;1;1;2;4;0;3
999;36;2;4;11;1;1;1;4;1;3
1000;46;1;2;9;1;0;3;4;1;3
1001;35;2;2;6;1;0;3;1;1;1
1002;41;3;2;11;1;1;2;3;0;1
1003;27;2;4;1;1;0;1;1;0;1
1004;25;4;4;0;1;0;3;4;0;1
1005;23;2;2;2;1;1;3;3;0;1
1006;48;1;1;1;1;0;3;3;1;1
1007;23;4;4;0;1;0;1;4;0;1
1008;31;3;4;2;1;1;3;3;0;1
1009;49;4;4;1;1;1;3;4;0;1
1010;42;2;3;2;1;1;1;4;0;1
1011;26;2;4;3;1;1;3;4;0;1
1012;21;2;2;1;1;1;3;2;0;1
1013;29;3;4;4;1;1;1;4;0;1
1014;38;1;2;12;1;1;2;3;0;1
1015;25;4;4;2;1;1;3;2;0;1
1016;22;4;4;0;1;1;3;2;0;1
1017;20;3;4;0;1;1;3;3;0;1
1018;35;4;4;1;1;1;1;3;0;1
1019;32;2;3;1;1;1;3;3;0;1
1020;38;2;4;3;1;1;1;3;0;1
1021;27;1;2;4;1;1;1;4;1;1
1022;41;2;4;1;1;1;2;3;0;1
1023;28;3;4;0;1;0;1;3;0;1
1024;23;4;4;1;1;0;3;3;0;1
1025;27;4;4;1;0;0;2;4;0;1
1026;33;4;4;2;0;1;1;4;0;1
1027;39;2;2;5;1;0;3;2;1;1
1028;41;2;2;5;0;1;2;2;0;1
1029;40;2;2;8;1;1;1;3;0;1
1030;43;3;4;10;1;1;3;3;0;1
1031;35;3;4;6;1;0;2;2;0;1
1032;32;3;4;0;1;1;3;4;0;1
1033;49;2;3;4;1;1;2;3;0;1
1034;47;2;2;4;1;1;3;1;0;1
1035;42;4;4;1;1;1;2;4;0;1
1036;48;4;4;4;0;1;1;4;0;1
1037;42;4;4;3;1;1;1;4;0;1
1038;37;4;4;2;1;1;1;4;0;1
1039;23;3;3;1;1;0;2;4;0;1
1040;24;3;4;0;1;0;2;3;0;1
1041;43;2;3;3;0;1;2;3;0;1
1042;24;3;3;2;1;0;3;2;0;1
1043;29;2;4;0;1;0;3;4;0;1
1044;45;1;1;0;0;0;2;1;0;1
1045;31;4;4;3;1;0;2;3;0;1
1046;44;1;4;9;1;1;1;2;0;1
1047;28;2;3;1;1;1;3;1;0;1
1048;28;3;4;1;0;1;2;2;0;1
1049;33;1;2;0;1;0;3;3;0;1
1050;43;4;4;6;1;1;1;3;0;1
1051;34;3;4;4;1;1;1;3;0;1
1052;36;1;4;2;1;1;2;2;0;1
1053;22;4;4;0;1;0;2;4;0;1
1054;35;2;3;8;1;1;3;3;1;1
1055;25;4;4;1;1;1;1;4;0;1
1056;43;1;2;8;1;1;2;2;1;1
1057;46;1;4;8;1;1;1;4;1;1
1058;27;3;4;2;1;1;1;3;0;1
1059;30;1;1;7;1;1;2;3;0;1
1060;25;4;4;1;1;1;3;4;0;1
1061;42;4;4;1;1;0;1;4;0;1
1062;30;1;3;1;1;1;3;4;0;1
1063;27;3;3;4;1;1;2;4;0;1
1064;45;2;3;11;1;1;2;3;0;1
1065;29;3;4;2;1;1;1;3;0;1
1066;36;1;4;1;1;1;3;3;0;1
1067;49;1;2;8;1;1;3;1;1;1
1068;47;1;4;7;1;1;2;3;0;1
1069;30;4;4;4;1;1;2;4;0;1
1070;24;2;3;2;1;1;3;1;0;1
1071;48;1;1;6;1;1;2;3;1;1
1072;47;1;2;2;1;1;2;3;1;1
1073;24;3;4;1;1;0;3;3;0;1
1074;48;3;4;5;1;1;2;3;0;1
1075;38;1;2;8;1;1;3;3;1;1
1076;45;3;4;0;1;1;1;3;0;1
1077;43;4;4;3;0;1;2;4;0;1
1078;33;1;1;5;1;1;3;1;1;1
1079;37;3;4;7;1;1;3;4;0;1
1080;36;2;1;6;1;1;2;3;0;1
1081;25;3;4;3;1;1;1;1;0;1
1082;49;4;4;6;0;0;1;4;0;1
1083;30;4;4;1;1;0;1;4;0;1
1084;35;4;4;5;1;1;1;4;0;1
1085;28;2;4;0;1;1;3;1;0;1
1086;30;4;2;0;1;0;3;3;0;1
1087;27;4;4;2;1;0;1;4;0;1
1088;45;2;4;8;1;1;2;3;0;1
1089;46;3;1;5;1;1;3;2;0;1
1090;28;1;4;0;1;0;4;1;0;1
1091;21;2;4;0;1;1;2;2;0;1
1092;20;3;4;2;1;1;3;3;0;1
1093;28;3;3;5;1;1;3;3;0;1
1094;25;3;3;1;1;1;2;2;0;1
1095;38;1;2;6;1;1;2;1;1;1
1096;20;3;4;1;1;1;3;2;0;1
1097;24;3;4;2;1;1;2;4;0;1
1098;39;3;1;1;1;1;2;3;0;1
1099;25;1;3;1;1;1;4;2;0;1
1100;23;3;4;4;1;1;3;1;1;1
1101;24;4;4;1;1;0;1;3;0;1
1102;26;4;4;3;1;1;1;4;0;1
1103;20;3;4;2;1;1;3;2;0;1
1104;31;3;3;1;1;0;3;4;0;1
1105;22;4;4;0;1;1;2;1;1;1
1106;36;2;3;6;1;1;2;3;0;1
1107;45;3;4;0;1;1;1;3;0;1
1108;47;2;2;7;1;1;2;2;0;1
1109;30;2;3;1;1;1;2;1;0;1
1110;35;4;4;3;1;1;1;4;0;1
1111;34;2;2;9;1;0;2;3;0;1
1112;28;4;4;1;1;0;1;3;0;1
1113;18;3;4;1;1;1;3;3;0;1
1114;25;2;3;2;1;1;3;2;0;1
1115;27;3;4;0;1;0;3;3;0;1
1116;21;4;4;1;1;1;3;4;0;1
1117;19;4;4;1;1;1;1;3;0;1
1118;26;4;4;0;1;1;3;4;0;1
1119;28;4;4;5;1;1;1;4;0;1
1120;38;1;3;4;1;0;2;2;0;1
1121;39;2;3;10;1;1;3;4;0;1
1122;45;2;3;6;1;1;3;2;1;1
1123;30;3;4;4;0;1;2;3;0;1
1124;47;2;4;2;1;1;3;2;1;1
1125;38;2;2;6;1;1;3;4;0;1
1126;42;3;3;5;1;1;2;2;0;1
1127;31;4;4;2;1;1;1;2;0;1
1128;44;1;2;2;1;1;3;1;0;1
1129;42;4;4;3;1;0;1;4;0;1
1130;28;4;4;2;1;1;1;3;0;1
1131;34;2;4;6;1;0;3;4;0;1
1132;45;1;3;7;1;0;1;3;0;1
1133;43;4;4;5;1;1;1;3;0;1
1134;28;3;4;0;1;0;3;4;0;1
1135;27;3;4;0;1;1;3;3;0;1
1136;26;2;3;1;1;0;4;4;0;1
1137;26;3;4;1;0;1;2;2;0;1
1138;37;3;4;4;1;0;2;4;0;1
1139;48;3;4;11;1;1;1;4;0;1
1140;47;2;3;12;1;1;3;1;0;1
1141;22;2;4;1;1;1;3;4;0;1
1142;48;4;4;1;0;1;1;4;0;1
1143;42;1;3;12;1;1;2;4;0;1
1144;32;4;4;3;1;1;1;4;0;1
1145;33;4;4;3;0;0;1;3;0;1
1146;45;4;4;1;1;0;1;4;0;1
1147;26;2;3;1;1;0;3;4;1;1
1148;45;4;4;1;1;1;1;4;0;1
1149;25;3;3;1;1;0;2;4;0;1
1150;36;4;3;3;1;0;3;2;0;1
1151;31;3;3;2;1;0;3;3;0;1
1152;22;3;4;2;1;1;3;3;0;1
1153;46;4;4;10;1;1;1;3;0;1
1154;26;2;3;3;1;1;3;4;0;1
1155;25;3;2;1;1;0;3;3;0;1
1156;20;4;4;0;0;0;2;4;0;1
1157;31;3;4;3;0;0;2;4;0;1
1158;36;3;3;3;0;0;2;3;1;1
1159;47;3;2;5;1;1;4;4;0;1
1160;43;3;4;2;0;1;3;4;0;1
1161;20;3;4;0;1;1;3;3;0;1
1162;24;4;4;4;1;1;1;4;0;1
1163;33;2;2;3;0;0;2;4;0;1
1164;41;3;4;3;0;1;2;4;0;1
1165;48;3;4;4;0;1;2;4;0;1
1166;32;4;4;1;0;1;1;4;0;1
1167;38;3;3;4;0;0;3;2;1;1
1168;48;3;4;8;1;1;3;3;0;1
1169;34;1;3;4;1;0;3;4;0;1
1170;31;1;1;6;1;1;3;2;0;1
1171;46;1;2;7;1;1;3;1;1;1
1172;45;2;2;7;1;1;3;1;1;1
1173;34;3;4;4;0;1;3;1;1;1
1174;16;2;4;1;1;1;3;4;0;1
1175;18;3;2;1;1;1;3;1;0;1
1176;22;2;2;1;1;1;3;1;1;1
1177;32;2;2;2;1;1;2;4;0;1
1178;41;1;3;3;1;0;2;4;0;1
1179;22;3;3;2;1;1;2;4;0;1
1180;23;3;2;0;1;1;2;2;0;1
1181;22;3;4;0;1;0;3;4;0;1
1182;40;2;2;6;1;1;2;2;1;1
1183;29;3;4;1;0;1;2;3;0;1
1184;42;4;4;0;0;0;3;4;0;1
1185;29;3;4;2;1;1;3;4;0;1
1186;31;3;2;1;1;1;3;4;0;1
1187;28;4;4;3;0;0;1;4;0;1
1188;21;2;3;0;1;1;3;4;0;1
1189;26;4;4;2;1;1;1;3;0;1
1190;37;3;4;0;1;1;3;4;0;1
1191;24;3;4;2;1;1;2;2;0;1
1192;25;4;4;0;0;1;2;4;0;1
1193;22;2;1;0;1;1;2;2;0;1
1194;45;4;4;1;1;1;1;4;0;1
1195;47;4;4;1;1;1;1;4;0;1
1196;28;4;4;5;1;0;3;4;0;1
1197;24;2;2;4;1;1;3;4;0;1
1198;34;3;3;6;1;1;2;3;0;1
1199;47;2;3;5;1;1;1;1;0;1
1200;31;3;4;2;1;1;1;4;0;1
1201;26;1;3;1;1;1;3;1;0;1
1202;25;4;4;3;1;1;1;2;0;1
1203;47;1;1;4;1;1;2;2;0;1
1204;48;1;1;8;1;1;1;1;1;1
1205;38;2;2;10;1;1;3;2;0;1
1206;32;1;3;4;1;1;2;2;1;1
1207;47;1;2;2;1;1;2;4;0;1
1208;27;4;4;3;1;1;1;4;0;1
1209;40;1;1;0;1;1;3;2;0;1
1210;46;4;4;6;1;1;1;4;0;1
1211;33;3;3;3;1;1;3;4;0;1
1212;49;1;2;5;1;0;2;2;1;1
1213;21;2;4;3;1;1;3;2;0;1
1214;31;4;4;0;0;0;2;4;0;1
1215;42;4;4;4;1;1;3;4;0;2
1216;35;4;4;3;1;1;1;4;0;2
1217;31;4;4;4;1;1;3;3;0;2
1218;42;4;4;6;1;1;1;3;0;2
1219;49;3;4;4;1;1;3;4;0;2
1220;21;4;4;1;1;1;1;3;0;2
1221;28;3;4;3;1;1;1;4;0;2
1222;22;4;4;1;1;1;1;3;0;2
1223;36;4;4;3;1;0;1;4;0;2
1224;45;2;2;9;1;1;3;3;0;2
1225;40;4;4;4;1;1;1;4;0;2
1226;30;2;2;7;1;1;3;4;0;2
1227;35;4;4;5;1;0;1;4;0;2
1228;26;2;4;2;1;1;1;4;0;2
1229;45;4;4;3;1;1;1;4;0;2
1230;27;3;3;2;1;1;3;4;0;2
1231;32;4;4;4;1;1;1;2;0;2
1232;27;4;4;3;1;1;1;3;0;2
1233;28;4;4;2;0;1;1;4;0;2
1234;30;4;4;3;1;1;2;1;0;2
1235;34;4;4;4;1;1;2;4;0;2
1236;26;3;4;3;1;1;2;3;0;2
1237;44;1;4;2;1;1;1;3;0;2
1238;29;4;4;3;1;1;1;4;0;2
1239;26;3;4;2;1;1;3;3;0;2
1240;41;4;4;8;1;1;1;4;0;2
1241;32;3;3;4;1;0;3;3;0;2
1242;23;3;1;1;1;0;3;3;0;2
1243;38;2;3;4;1;1;1;2;0;2
1244;22;4;4;1;1;0;2;2;0;2
1245;34;3;4;3;0;1;1;4;0;2
1246;38;3;4;7;0;1;2;3;0;2
1247;21;4;4;1;1;1;1;4;0;2
1248;43;1;3;4;1;1;1;4;0;2
1249;44;3;3;9;1;1;1;1;0;2
1250;24;4;4;1;1;1;2;4;0;2
1251;27;4;4;1;1;0;3;3;0;2
1252;34;3;4;4;1;1;3;3;0;2
1253;29;3;4;2;1;1;1;4;0;2
1254;26;4;4;1;1;0;2;3;0;2
1255;37;4;4;7;1;1;1;4;0;2
1256;21;3;4;3;1;1;1;4;0;2
1257;47;4;4;4;0;1;2;4;0;2
1258;41;4;4;3;1;0;2;3;0;2
1259;29;3;4;3;1;1;1;3;0;2
1260;25;4;4;1;1;0;1;4;0;2
1261;33;4;4;2;0;0;1;3;0;2
1262;23;4;4;1;0;1;1;4;0;2
1263;32;4;4;4;1;1;2;3;0;2
1264;45;4;4;3;1;1;1;4;0;2
1265;37;4;4;4;1;1;1;4;0;2
1266;35;2;4;4;0;1;3;2;0;2
1267;37;4;4;3;1;1;3;4;0;2
1268;35;4;4;5;1;1;2;4;0;2
1269;23;4;4;1;1;1;3;3;0;2
1270;38;2;2;8;1;1;2;2;0;2
1271;41;4;4;4;0;0;2;4;0;2
1272;35;1;2;9;1;0;3;1;0;2
1273;29;4;4;3;1;1;3;2;0;2
1274;26;3;3;2;1;1;1;3;0;2
1275;22;3;3;2;1;1;3;3;0;2
1276;30;2;3;5;1;1;3;1;1;2
1277;36;4;4;3;1;1;3;3;0;2
1278;26;3;4;3;1;1;1;4;0;2
1279;32;4;4;2;1;0;3;4;0;2
1280;39;4;4;3;0;1;2;4;0;2
1281;29;3;4;3;1;1;1;3;0;2
1282;40;4;4;5;1;1;1;3;0;2
1283;43;3;3;6;1;0;3;2;0;2
1284;44;3;4;6;1;1;3;2;0;2
1285;24;4;4;2;1;1;2;4;0;2
1286;42;4;4;3;1;0;1;4;0;2
1287;33;3;4;2;1;1;1;4;0;2
1288;24;4;4;1;0;1;2;3;0;2
1289;28;3;4;2;0;1;2;3;0;2
1290;32;2;1;5;1;0;2;2;0;2
1291;26;2;2;4;1;1;3;4;0;2
1292;27;4;4;1;1;1;1;4;0;2
1293;41;3;4;3;0;1;2;4;0;2
1294;28;3;4;2;0;1;3;3;0;2
1295;23;4;4;1;1;0;3;4;0;2
1296;31;2;2;4;1;1;4;3;1;2
1297;33;4;4;3;0;1;2;4;0;2
1298;35;4;4;5;1;1;1;4;0;2
1299;39;3;4;5;1;1;3;4;0;2
1300;27;4;4;2;1;1;1;3;0;2
1301;48;4;4;3;0;1;1;4;0;2
1302;25;3;1;2;1;0;3;4;0;2
1303;38;4;4;4;1;1;2;4;0;2
1304;48;4;4;7;1;0;1;4;0;2
1305;34;4;4;4;1;0;3;3;0;2
1306;36;3;3;4;1;1;1;3;0;2
1307;34;4;4;3;1;0;3;4;0;2
1308;42;4;4;4;0;0;2;4;0;2
1309;45;3;3;5;0;1;1;3;0;2
1310;37;4;4;4;0;1;2;4;0;2
1311;38;4;4;3;0;0;2;4;0;2
1312;42;3;3;4;0;1;3;4;0;2
1313;42;2;4;5;0;1;2;3;0;2
1314;41;4;4;6;1;1;1;4;0;2
1315;43;4;4;5;0;1;1;4;0;2
1316;34;4;4;2;0;0;3;2;0;2
1317;44;2;3;1;0;1;2;4;0;2
1318;41;4;4;4;0;1;1;4;0;2
1319;36;4;4;3;1;1;1;4;0;2
1320;34;1;2;5;1;1;3;4;0;2
1321;32;3;2;5;1;1;3;3;0;3
1322;34;3;3;6;1;1;1;4;0;3
1323;24;4;4;2;1;0;3;3;0;3
1324;21;3;3;1;0;1;3;2;0;3
1325;38;4;3;9;1;1;3;3;0;3
1326;39;4;4;3;1;0;1;4;0;3
1327;35;2;2;6;1;0;2;2;1;3
1328;30;2;3;7;1;1;3;3;0;3
1329;17;3;4;1;1;1;3;3;0;3
1330;32;2;4;3;1;1;3;4;0;3
1331;43;4;4;5;0;1;1;4;0;3
1332;31;2;2;4;1;1;3;3;0;3
1333;24;1;2;3;1;1;3;2;0;3
1334;26;2;4;3;1;1;1;3;0;3
1335;35;3;4;4;1;0;1;4;0;3
1336;46;3;4;4;1;0;3;4;0;3
1337;29;2;3;3;1;1;3;3;0;3
1338;21;3;4;1;1;0;3;4;0;3
1339;31;4;4;5;1;0;1;4;0;3
1340;24;4;4;2;1;1;3;3;0;3
1341;24;2;4;3;1;1;3;3;0;3
1342;36;4;4;4;1;1;1;3;0;3
1343;37;2;3;9;1;1;3;3;0;3
1344;37;3;3;6;1;1;3;3;0;3
1345;37;3;3;11;1;1;1;2;0;3
1346;44;4;4;4;0;1;2;3;0;3
1347;35;2;3;6;1;1;2;3;0;3
1348;25;4;4;3;1;1;3;3;0;3
1349;21;4;4;2;1;1;2;3;0;3
1350;24;1;2;3;1;1;3;2;0;3
1351;16;2;3;1;1;1;3;1;0;3
1352;21;3;2;1;1;1;3;1;1;3
1353;25;2;4;2;1;1;2;4;0;3
1354;26;4;4;1;1;0;2;4;0;3
1355;43;4;4;2;1;1;1;4;0;3
1356;24;4;4;1;1;1;1;4;0;3
1357;30;3;4;3;0;1;3;3;0;3
1358;30;2;3;3;1;1;3;3;0;3
1359;26;4;4;2;1;1;3;3;0;3
1360;29;2;4;4;1;1;3;2;0;3
1361;24;3;4;4;1;1;3;1;0;3
1362;29;3;3;2;1;1;3;2;0;3
1363;29;1;2;1;1;1;3;3;0;3
1364;22;4;4;1;1;1;2;4;0;3
1365;30;3;3;4;1;0;3;2;0;3
1366;24;4;4;1;1;1;2;3;0;3
1367;25;4;4;2;1;1;1;2;0;3
1368;44;4;4;5;1;0;1;4;0;3
1369;28;2;3;3;1;1;2;4;0;3
1370;22;3;3;1;1;1;3;2;0;3
1371;30;2;2;6;1;0;2;3;0;3
1372;25;3;4;3;1;1;2;4;0;3
1373;25;4;4;2;1;1;3;3;0;3
1374;33;4;4;2;1;0;1;4;0;3
1375;33;3;3;4;1;0;2;3;0;3
1376;26;3;3;2;1;0;2;2;0;3
1377;29;3;4;5;1;1;3;3;0;3
1378;32;3;3;4;1;1;2;1;0;3
1379;30;4;4;1;1;0;3;2;0;3
1380;37;4;4;1;0;1;1;4;0;3
1381;31;1;2;4;1;1;3;3;0;3
1382;36;1;2;4;1;1;3;1;1;3
1383;36;2;2;7;1;0;2;2;1;3
1384;26;3;4;2;1;0;2;4;0;3
1385;36;4;4;3;1;1;1;4;0;3
1386;28;4;4;1;1;1;2;4;0;3
1387;33;4;4;5;1;1;3;3;0;3
1388;25;3;4;2;1;0;2;4;0;3
1389;31;4;4;2;0;1;1;4;0;3
1390;38;4;4;4;1;0;1;4;0;3
1391;35;1;2;5;1;1;3;3;0;3
1392;33;4;4;3;0;0;2;4;0;3
1393;30;2;2;2;1;1;3;2;0;3
1394;20;3;3;2;1;1;2;2;1;3
1395;18;3;3;1;1;1;2;2;0;3
1396;30;3;2;3;1;1;3;3;0;3
1397;35;2;3;6;1;0;3;2;0;3
1398;22;3;3;2;1;1;3;1;0;3
1399;28;2;4;7;1;1;3;3;0;3
1400;21;3;3;1;1;1;3;1;0;3
1401;27;3;4;4;1;1;3;4;0;3
1402;30;3;4;3;1;1;3;3;0;3
1403;25;3;4;2;1;1;3;3;0;3
1404;26;4;4;3;1;1;3;2;0;3
1405;37;2;4;5;1;1;1;4;0;3
1406;47;1;3;9;1;0;3;3;0;3
1407;36;1;1;5;1;1;3;3;0;3
1408;36;2;3;6;1;1;2;4;0;3
1409;36;4;4;3;1;1;2;4;0;3
1410;28;4;4;4;1;1;3;4;0;3
1411;21;4;4;2;1;1;3;3;0;3
1412;25;4;4;2;1;1;2;3;0;3
1413;30;3;4;3;1;1;3;4;0;3
1414;22;3;3;3;1;1;3;3;0;3
1415;23;4;3;2;1;0;2;3;0;3
1416;36;3;4;9;1;1;3;4;0;3
1417;28;4;3;2;1;1;3;2;0;3
1418;46;2;2;5;1;1;2;4;0;3
1419;47;4;4;5;1;1;3;2;0;3
1420;41;1;4;5;1;0;2;4;0;3
1421;44;4;4;5;1;1;3;4;0;3
1422;34;2;3;3;0;1;3;2;1;3
1423;37;2;3;6;1;1;3;4;0;3
1424;34;4;4;2;0;1;1;4;0;3
1425;22;2;4;2;1;1;3;2;0;3
1426;33;2;3;4;1;1;2;3;0;3
1427;21;3;4;3;1;1;3;1;0;3
1428;31;4;4;4;1;0;3;4;0;3
1429;41;4;3;5;1;0;3;4;0;3
1430;30;4;3;4;1;1;3;3;0;3
1431;32;2;4;5;1;1;3;4;0;3
1432;27;4;4;2;0;0;2;4;0;3
1433;26;4;4;1;0;0;2;4;0;3
1434;42;4;4;5;0;1;2;4;0;3
1435;24;4;4;1;1;1;1;3;0;3
1436;37;4;4;6;1;1;1;4;0;3
1437;30;2;3;5;1;0;3;4;0;3
1438;27;4;4;1;1;1;1;4;0;3
1439;34;2;4;6;1;1;3;3;0;3
1440;32;3;4;5;0;1;1;4;0;3
1441;28;4;4;1;0;0;2;4;0;3
1442;29;3;3;1;0;0;2;4;0;3
1443;42;4;4;3;0;1;2;4;0;3
1444;21;2;2;0;0;1;4;4;0;3
1445;22;4;4;2;1;1;3;4;0;3
1446;36;4;4;3;0;1;3;4;0;3
1447;45;2;3;3;0;0;2;4;0;3
1448;34;4;4;2;0;0;2;4;0;3
1449;35;2;3;5;1;1;3;3;0;3
1450;19;4;4;1;1;1;2;3;0;3
1451;27;4;4;4;1;1;3;3;0;3
1452;37;2;4;4;1;0;2;3;0;3
1453;26;3;2;4;1;1;3;4;0;3
1454;28;1;3;5;1;1;3;4;0;3
1455;31;3;4;5;1;1;1;4;0;3
1456;32;2;2;6;1;1;2;3;0;3
1457;40;2;2;4;0;0;2;4;0;3
1458;27;3;3;5;1;1;2;4;0;3
1459;27;2;2;3;1;1;2;2;1;3
1460;37;4;4;5;0;0;2;4;0;3
1461;22;4;3;1;1;1;2;2;0;3
1462;27;4;4;4;1;1;1;2;1;3
1463;21;4;4;1;0;1;2;4;0;3
1464;30;1;3;2;1;1;3;4;0;3
1465;23;2;2;1;1;1;2;4;0;3
1466;25;2;4;3;1;1;1;3;0;3
1467;42;2;4;6;1;1;2;4;0;3
1468;29;4;4;3;1;1;1;4;0;3
1469;33;4;4;2;1;0;2;4;0;3
1470;33;4;4;3;1;1;1;4;0;3
1471;39;3;3;8;1;0;1;4;0;3
1472;33;3;3;4;1;0;2;2;0;3
1473;17;3;3;1;1;1;2;4;0;3
